{
  "numDocumentoIdObligado": "900077584",
  "numFactura": "MDE528056",
  "tipoNota": null,
  "numNota": null,
  "usuarios": [
    {
      "tipoDocumentoIdentificacion": "CC",
      "numDocumentoIdentificacion": "27393890",
      "tipoUsuario": "04",
      "fechaNacimiento": "1938-04-23",
      "codSexo": "F",
      "codPaisResidencia": "170",
      "codPaisOrigen": "170",
      "codMunicipioResidencia": "52585",
      "codZonaTerritorialResidencia": "02",
      "incapacidad": "NO",
      "consecutivo": 1,
      "servicios": {
        "procedimientos": [
          {
            "codPrestador": "520010121319",
            "fechaInicioAtencion": "2025-02-05 08:15",
            "idMIPRES": null,
            "numAutorizacion": "2024003393905",
            "codProcedimiento": "902210",
            "viaIngresoServicioSalud": "03",
            "modalidadGrupoServicioTecSal": "01",
            "grupoServicios": "02",
            "codServicio": 706,
            "finalidadTecnologiaSalud": "15",
            "tipoDocumentoIdentificacion": "CC",
            "numDocumentoIdentificacion": "30745158",
            "codDiagnosticoPrincipal": "N183",
            "codDiagnosticoRelacionado": null,
            "codComplicacion": null,
            "vrServicio": 15000,
            "conceptoRecaudo": "05",
            "valorPagoModerador": 0,
            "numFEVPagoModerador": null,
            "consecutivo": 1
          },
          {
            "codPrestador": "520010121319",
            "fechaInicioAtencion": "2025-02-05 08:15",
            "idMIPRES": null,
            "numAutorizacion": "2024003393905",
            "codProcedimiento": "903427",
            "viaIngresoServicioSalud": "03",
            "modalidadGrupoServicioTecSal": "01",
            "grupoServicios": "02",
            "codServicio": 706,
            "finalidadTecnologiaSalud": "15",
            "tipoDocumentoIdentificacion": "CC",
            "numDocumentoIdentificacion": "30745158",
            "codDiagnosticoPrincipal": "N183",
            "codDiagnosticoRelacionado": null,
            "codComplicacion": null,
            "vrServicio": 33150,
            "conceptoRecaudo": "05",
            "valorPagoModerador": 0,
            "numFEVPagoModerador": null,
            "consecutivo": 2
          },
          {
            "codPrestador": "520010121319",
            "fechaInicioAtencion": "2025-02-05 08:15",
            "idMIPRES": null,
            "numAutorizacion": "2024003393905",
            "codProcedimiento": "903803",
            "viaIngresoServicioSalud": "03",
            "modalidadGrupoServicioTecSal": "01",
            "grupoServicios": "02",
            "codServicio": 706,
            "finalidadTecnologiaSalud": "15",
            "tipoDocumentoIdentificacion": "CC",
            "numDocumentoIdentificacion": "30745158",
            "codDiagnosticoPrincipal": "N183",
            "codDiagnosticoRelacionado": null,
            "codComplicacion": null,
            "vrServicio": 6100,
            "conceptoRecaudo": "05",
            "valorPagoModerador": 0,
            "numFEVPagoModerador": null,
            "consecutivo": 3
          },
          {
            "codPrestador": "520010121319",
            "fechaInicioAtencion": "2025-02-05 08:15",
            "idMIPRES": null,
            "numAutorizacion": "2024003393905",
            "codProcedimiento": "903810",
            "viaIngresoServicioSalud": "03",
            "modalidadGrupoServicioTecSal": "01",
            "grupoServicios": "02",
            "codServicio": 706,
            "finalidadTecnologiaSalud": "15",
            "tipoDocumentoIdentificacion": "CC",
            "numDocumentoIdentificacion": "30745158",
            "codDiagnosticoPrincipal": "N183",
            "codDiagnosticoRelacionado": null,
            "codComplicacion": null,
            "vrServicio": 8800,
            "conceptoRecaudo": "05",
            "valorPagoModerador": 0,
            "numFEVPagoModerador": null,
            "consecutivo": 4
          },
          {
            "codPrestador": "520010121319",
            "fechaInicioAtencion": "2025-02-05 08:15",
            "idMIPRES": null,
            "numAutorizacion": "2024003393905",
            "codProcedimiento": "903815",
            "viaIngresoServicioSalud": "03",
            "modalidadGrupoServicioTecSal": "01",
            "grupoServicios": "02",
            "codServicio": 706,
            "finalidadTecnologiaSalud": "15",
            "tipoDocumentoIdentificacion": "CC",
            "numDocumentoIdentificacion": "30745158",
            "codDiagnosticoPrincipal": "N183",
            "codDiagnosticoRelacionado": null,
            "codComplicacion": null,
            "vrServicio": 15200,
            "conceptoRecaudo": "05",
            "valorPagoModerador": 0,
            "numFEVPagoModerador": null,
            "consecutivo": 5
          },
          {
            "codPrestador": "520010121319",
            "fechaInicioAtencion": "2025-02-05 08:15",
            "idMIPRES": null,
            "numAutorizacion": "2024003393905",
            "codProcedimiento": "903817",
            "viaIngresoServicioSalud": "03",
            "modalidadGrupoServicioTecSal": "01",
            "grupoServicios": "02",
            "codServicio": 706,
            "finalidadTecnologiaSalud": "15",
            "tipoDocumentoIdentificacion": "CC",
            "numDocumentoIdentificacion": "30745158",
            "codDiagnosticoPrincipal": "N183",
            "codDiagnosticoRelacionado": null,
            "codComplicacion": null,
            "vrServicio": 17875,
            "conceptoRecaudo": "05",
            "valorPagoModerador": 0,
            "numFEVPagoModerador": null,
            "consecutivo": 6
          },
          {
            "codPrestador": "520010121319",
            "fechaInicioAtencion": "2025-02-05 08:15",
            "idMIPRES": null,
            "numAutorizacion": "2024003393905",
            "codProcedimiento": "903818",
            "viaIngresoServicioSalud": "03",
            "modalidadGrupoServicioTecSal": "01",
            "grupoServicios": "02",
            "codServicio": 706,
            "finalidadTecnologiaSalud": "15",
            "tipoDocumentoIdentificacion": "CC",
            "numDocumentoIdentificacion": "30745158",
            "codDiagnosticoPrincipal": "N183",
            "codDiagnosticoRelacionado": null,
            "codComplicacion": null,
            "vrServicio": 18460,
            "conceptoRecaudo": "05",
            "valorPagoModerador": 0,
            "numFEVPagoModerador": null,
            "consecutivo": 7
          },
          {
            "codPrestador": "520010121319",
            "fechaInicioAtencion": "2025-02-05 08:15",
            "idMIPRES": null,
            "numAutorizacion": "2024003393905",
            "codProcedimiento": "903835",
            "viaIngresoServicioSalud": "03",
            "modalidadGrupoServicioTecSal": "01",
            "grupoServicios": "02",
            "codServicio": 706,
            "finalidadTecnologiaSalud": "15",
            "tipoDocumentoIdentificacion": "CC",
            "numDocumentoIdentificacion": "30745158",
            "codDiagnosticoPrincipal": "N183",
            "codDiagnosticoRelacionado": null,
            "codComplicacion": null,
            "vrServicio": 12090,
            "conceptoRecaudo": "05",
            "valorPagoModerador": 0,
            "numFEVPagoModerador": null,
            "consecutivo": 8
          },
          {
            "codPrestador": "520010121319",
            "fechaInicioAtencion": "2025-02-05 08:15",
            "idMIPRES": null,
            "numAutorizacion": "2024003393905",
            "codProcedimiento": "903868",
            "viaIngresoServicioSalud": "03",
            "modalidadGrupoServicioTecSal": "01",
            "grupoServicios": "02",
            "codServicio": 706,
            "finalidadTecnologiaSalud": "15",
            "tipoDocumentoIdentificacion": "CC",
            "numDocumentoIdentificacion": "30745158",
            "codDiagnosticoPrincipal": "N183",
            "codDiagnosticoRelacionado": null,
            "codComplicacion": null,
            "vrServicio": 10100,
            "conceptoRecaudo": "05",
            "valorPagoModerador": 0,
            "numFEVPagoModerador": null,
            "consecutivo": 9
          },
          {
            "codPrestador": "520010121319",
            "fechaInicioAtencion": "2025-02-05 08:15",
            "idMIPRES": null,
            "numAutorizacion": "2024003393905",
            "codProcedimiento": "903876",
            "viaIngresoServicioSalud": "03",
            "modalidadGrupoServicioTecSal": "01",
            "grupoServicios": "02",
            "codServicio": 706,
            "finalidadTecnologiaSalud": "15",
            "tipoDocumentoIdentificacion": "CC",
            "numDocumentoIdentificacion": "30745158",
            "codDiagnosticoPrincipal": "N183",
            "codDiagnosticoRelacionado": null,
            "codComplicacion": null,
            "vrServicio": 8640,
            "conceptoRecaudo": "05",
            "valorPagoModerador": 0,
            "numFEVPagoModerador": null,
            "consecutivo": 10
          },
          {
            "codPrestador": "520010121319",
            "fechaInicioAtencion": "2025-02-05 08:15",
            "idMIPRES": null,
            "numAutorizacion": "2024003393905",
            "codProcedimiento": "904912",
            "viaIngresoServicioSalud": "03",
            "modalidadGrupoServicioTecSal": "01",
            "grupoServicios": "02",
            "codServicio": 706,
            "finalidadTecnologiaSalud": "15",
            "tipoDocumentoIdentificacion": "CC",
            "numDocumentoIdentificacion": "30745158",
            "codDiagnosticoPrincipal": "N183",
            "codDiagnosticoRelacionado": null,
            "codComplicacion": null,
            "vrServicio": 70265,
            "conceptoRecaudo": "05",
            "valorPagoModerador": 0,
            "numFEVPagoModerador": null,
            "consecutivo": 11
          }
        ]
      }
    }
  ]
}